<?xml version="1.0" encoding="UTF-8" standalone="yes"?>
<businessObjectModel xmlns="http://documentation.bonitasoft.com/bdm-xml-schema/1.0" modelVersion="1.0" productVersion="7.14.0">
    <businessObjects>
        <businessObject qualifiedName="com.company.model.Claim">
            <fields>
                <field type="STRING" length="255" name="description" nullable="false" collection="false"/>
                <field type="STRING" length="255" name="answer" nullable="true" collection="false"/>
                <field type="INTEGER" length="255" name="satisfactionLevel" nullable="true" collection="false"/>
            </fields>
            <uniqueConstraints/>
            <queries/>
            <indexes/>
        </businessObject>
        <businessObject qualifiedName="com.company.model.Country">
            <fields>
                <field type="STRING" length="255" name="name" nullable="true" collection="false"/>
            </fields>
            <uniqueConstraints/>
            <queries/>
            <indexes/>
        </businessObject>
        <businessObject qualifiedName="com.company.model.Student">
            <fields>
                <field type="STRING" length="255" name="name" nullable="false" collection="false"/>
                <field type="STRING" length="255" name="email" nullable="false" collection="false"/>
            </fields>
            <uniqueConstraints/>
            <queries/>
            <indexes/>
        </businessObject>
        <businessObject qualifiedName="com.company.model.StudentDetail">
            <fields>
                <field type="STRING" length="255" name="address" nullable="true" collection="false"/>
            </fields>
            <uniqueConstraints/>
            <queries/>
            <indexes/>
        </businessObject>
    </businessObjects>
</businessObjectModel>
